Offence,Contrary to,Maximum penalty,Type
Murder,Common law,Life,HOMICIDE AND RELATED GRAVE OFFENCES
Attempted Murder,Common law,Life,HOMICIDE AND RELATED GRAVE OFFENCES
Manslaughter,Common law,Life,HOMICIDE AND RELATED GRAVE OFFENCES
Soliciting to commit murder,Offences against the Person Act 1861 s4,Life,HOMICIDE AND RELATED GRAVE OFFENCES
Child destruction,Infant Life Preservation Act 1929 s11,Life,HOMICIDE AND RELATED GRAVE OFFENCES
Infanticide,Infanticide Act 1938 s11,Life,HOMICIDE AND RELATED GRAVE OFFENCES
Causing explosion likely to endanger life or property,Explosive Substances Act 1883 s2,Life,HOMICIDE AND RELATED GRAVE OFFENCES
Attempt to cause explosion making or keeping explosive etc.,Explosive Substances Act 1883 s3,Life,HOMICIDE AND RELATED GRAVE OFFENCES
Destroying damaging or endangering the safety of an aircraft,Aviation Security Act 1982 s 2,Life,OFFENCES INVOLVING SERIOUS VIOLENCE OR DAMAGE AND SERIOUS DRUGS OFFENCES
Endangering the safety of an aircraft,Aviation Security Act 1982 s 21b,Life,OFFENCES INVOLVING SERIOUS VIOLENCE OR DAMAGE AND SERIOUS DRUGS OFFENCES
Raciallyaggravated arson (endangering life),Crime and Disorder Act 1998 s 30,Life,OFFENCES INVOLVING SERIOUS VIOLENCE OR DAMAGE AND SERIOUS DRUGS OFFENCES
Kidnapping,Common law,Life,OFFENCES INVOLVING SERIOUS VIOLENCE OR DAMAGE AND SERIOUS DRUGS OFFENCES
False imprisonment,Common law,Life,OFFENCES INVOLVING SERIOUS VIOLENCE OR DAMAGE AND SERIOUS DRUGS OFFENCES
Torture,Criminal Justice Act s134,Life,OFFENCES INVOLVING SERIOUS VIOLENCE OR DAMAGE AND SERIOUS DRUGS OFFENCES
Aggravated criminal damage,Criminal Damage Act 1971 s12,Life,OFFENCES INVOLVING SERIOUS VIOLENCE OR DAMAGE AND SERIOUS DRUGS OFFENCES
Aggravated arson,Criminal Damage Act 1971 s12 3,Life,OFFENCES INVOLVING SERIOUS VIOLENCE OR DAMAGE AND SERIOUS DRUGS OFFENCES
Arson (with value bigger than 30000),Criminal Damage Act 1971 s13,Life,OFFENCES INVOLVING SERIOUS VIOLENCE OR DAMAGE AND SERIOUS DRUGS OFFENCES
Hostagetaking,Taking of Hostages Act 1982 s1,Life,OFFENCES INVOLVING SERIOUS VIOLENCE OR DAMAGE AND SERIOUS DRUGS OFFENCES
Hijacking,Aviation Security Act 1982 s 1,Life,OFFENCES INVOLVING SERIOUS VIOLENCE OR DAMAGE AND SERIOUS DRUGS OFFENCES
Other acts endangering or likely to endanger the safety of an aircraft,Aviation Security Act 1982 s 3,Life,OFFENCES INVOLVING SERIOUS VIOLENCE OR DAMAGE AND SERIOUS DRUGS OFFENCES
Hijacking of ships,Aviation and Maritime Security Act 1990 s9,Life,OFFENCES INVOLVING SERIOUS VIOLENCE OR DAMAGE AND SERIOUS DRUGS OFFENCES
Endagering safety at aerodromes,Aviation and Maritime Security Act 1990 s1,Life,OFFENCES INVOLVING SERIOUS VIOLENCE OR DAMAGE AND SERIOUS DRUGS OFFENCES
Seizing or exercising control of fixed platforms,Aviation and Maritime Security Act 1990 s10,Life,OFFENCES INVOLVING SERIOUS VIOLENCE OR DAMAGE AND SERIOUS DRUGS OFFENCES
Destroying fixed platforms or endangering their safety,Aviation and Maritime Security Act 1990 s11,Life,OFFENCES INVOLVING SERIOUS VIOLENCE OR DAMAGE AND SERIOUS DRUGS OFFENCES
Other acts endangering or likely to endanger safety navigation,Aviation and Maritime Security Act 1990 s12,Life,OFFENCES INVOLVING SERIOUS VIOLENCE OR DAMAGE AND SERIOUS DRUGS OFFENCES
Offences involving threats,Aviation and Maritime Security Act 1990 s13,Life,OFFENCES INVOLVING SERIOUS VIOLENCE OR DAMAGE AND SERIOUS DRUGS OFFENCES
Offences relating to Channel Tunnel trains and the tunnel system,Channel Tunnel Security Order 1994,Life,OFFENCES INVOLVING SERIOUS VIOLENCE OR DAMAGE AND SERIOUS DRUGS OFFENCES
Genocide crimes against humanity war crimes and related offences other then one involving murder,International Criminal Court Act 2001 s51 or s52,30 years,OFFENCES INVOLVING SERIOUS VIOLENCE OR DAMAGE AND SERIOUS DRUGS OFFENCES
Possession of firearm with intent to endanger life,Firearms Act 1968 s16,Life,OFFENCES INVOLVING SERIOUS VIOLENCE OR DAMAGE AND SERIOUS DRUGS OFFENCES
Possession of firearm with intent to cause fear of violence,Firearms Act 1968 s16A,10 years,OFFENCES INVOLVING SERIOUS VIOLENCE OR DAMAGE AND SERIOUS DRUGS OFFENCES
Use of firearm to resist arrest,Firearms Act 1968 s171,Life,OFFENCES INVOLVING SERIOUS VIOLENCE OR DAMAGE AND SERIOUS DRUGS OFFENCES
Possession of firearm at time of committing or being arrested for offence specified in schedule 1 to that Act,Firearms Act 1968 s172,Life,OFFENCES INVOLVING SERIOUS VIOLENCE OR DAMAGE AND SERIOUS DRUGS OFFENCES
Possession of firearm with criminal intent,Firearms Act 1968 s18,Life,OFFENCES INVOLVING SERIOUS VIOLENCE OR DAMAGE AND SERIOUS DRUGS OFFENCES
Possession or acquisition of certain prohibited weapons etc.,Firearms Act 1968 s5,,OFFENCES INVOLVING SERIOUS VIOLENCE OR DAMAGE AND SERIOUS DRUGS OFFENCES
Possessing or distributing prohibited weapon or ammunition (5 year minimum sentence),Firearms Act 1968,10 years,OFFENCES INVOLVING SERIOUS VIOLENCE OR DAMAGE AND SERIOUS DRUGS OFFENCES
Trespassing with firearm or imitation firearm in a building,Firearms Act 1968,7 years,OFFENCES INVOLVING SERIOUS VIOLENCE OR DAMAGE AND SERIOUS DRUGS OFFENCES
Carrying firearm or imitation firearm in public place,Firearms Act 1968,7 years,OFFENCES INVOLVING SERIOUS VIOLENCE OR DAMAGE AND SERIOUS DRUGS OFFENCES
Shortening a shot gun  conversion of firearm,Firearms Act 1968,7 years,OFFENCES INVOLVING SERIOUS VIOLENCE OR DAMAGE AND SERIOUS DRUGS OFFENCES
Trading in firearms without being registered as firearms dealer,Firearms Act 1968,5 years,OFFENCES INVOLVING SERIOUS VIOLENCE OR DAMAGE AND SERIOUS DRUGS OFFENCES
Selling firearm to person without a certificate,Firearms Act 1968,5 years,OFFENCES INVOLVING SERIOUS VIOLENCE OR DAMAGE AND SERIOUS DRUGS OFFENCES
Repairing testing etc. firearm without a certificate,Firearms Act 1968,5 years,OFFENCES INVOLVING SERIOUS VIOLENCE OR DAMAGE AND SERIOUS DRUGS OFFENCES
Falsifying certificate etc. with view to acquisition of firearm,Firearms Act 1968,5 years,OFFENCES INVOLVING SERIOUS VIOLENCE OR DAMAGE AND SERIOUS DRUGS OFFENCES
Carrying of any offensive weapon in a public place without lawful authority or reasonable excuse,Prevention of Crime Act 1953 s1,4 years,OFFENCES INVOLVING SERIOUS VIOLENCE OR DAMAGE AND SERIOUS DRUGS OFFENCES
Manufacture sale hire offer for sale or hire exposure or possession for the purpose of sale or hire or lending or giving to any other person and the importation of flick knives and gravity knives (fine up to 5000),Restriction of Offensive Weapons Act 1959 s11,6 months,OFFENCES INVOLVING SERIOUS VIOLENCE OR DAMAGE AND SERIOUS DRUGS OFFENCES
Having an article with a blade or a sharp point in a public place without good reason or lawful authority. (An exemption applies to folding pocket knives with a blade of less than three inches).,Criminal Justice Act 1988 S139,2 years,OFFENCES INVOLVING SERIOUS VIOLENCE OR DAMAGE AND SERIOUS DRUGS OFFENCES
unlawful marketing of knives as suitable for combat or in ways likely to stimulate or encourage violent behaviour,Knives Act 1997,2 years,OFFENCES INVOLVING SERIOUS VIOLENCE OR DAMAGE AND SERIOUS DRUGS OFFENCES
Aggravated burglary,Theft Act 1968 s10,Life,OFFENCES INVOLVING SERIOUS VIOLENCE OR DAMAGE AND SERIOUS DRUGS OFFENCES
Robbery or assault with intent to rob,Theft Act 1968 s8,Life,OFFENCES INVOLVING SERIOUS VIOLENCE OR DAMAGE AND SERIOUS DRUGS OFFENCES
Armed robbery,Theft Act 1968 s81,Life,OFFENCES INVOLVING SERIOUS VIOLENCE OR DAMAGE AND SERIOUS DRUGS OFFENCES
Assault with weapon with intent to rob,Theft Act 1968 s82,Life,OFFENCES INVOLVING SERIOUS VIOLENCE OR DAMAGE AND SERIOUS DRUGS OFFENCES
Blackmail,Theft Act 1968 s21,14 years,OFFENCES INVOLVING SERIOUS VIOLENCE OR DAMAGE AND SERIOUS DRUGS OFFENCES
Riot,Public Order Act 1986 s1,10 years,OFFENCES INVOLVING SERIOUS VIOLENCE OR DAMAGE AND SERIOUS DRUGS OFFENCES
Violent disorder,Public Order Act 1986 s2,5 years,OFFENCES INVOLVING SERIOUS VIOLENCE OR DAMAGE AND SERIOUS DRUGS OFFENCES
Contamination of goods with intent,Public Order Act 1986 s38,Life,OFFENCES INVOLVING SERIOUS VIOLENCE OR DAMAGE AND SERIOUS DRUGS OFFENCES
Causing death by dangerous driving,Road Traffic Act 1988 s1,14 years,OFFENCES INVOLVING SERIOUS VIOLENCE OR DAMAGE AND SERIOUS DRUGS OFFENCES
Causing death by careless driving while under the influence of drink or drugs,Road Traffic Act 1988 s3A,14 years,OFFENCES INVOLVING SERIOUS VIOLENCE OR DAMAGE AND SERIOUS DRUGS OFFENCES
Aggravated vehicle taking resulting in death,Theft Act 1968 s12A,14 years,OFFENCES INVOLVING SERIOUS VIOLENCE OR DAMAGE AND SERIOUS DRUGS OFFENCES
Causing danger to road users,Road Traffic Act 1988 s22A,,OFFENCES INVOLVING SERIOUS VIOLENCE OR DAMAGE AND SERIOUS DRUGS OFFENCES
Attempting to choke suffocate strangle etc.,Offences against the Person Act 1861 s21,Life,OFFENCES INVOLVING SERIOUS VIOLENCE OR DAMAGE AND SERIOUS DRUGS OFFENCES
Destroying or damaging property other then an offence of arson,Criminal Damage Act 1971 s12,Life,OFFENCES INVOLVING SERIOUS VIOLENCE OR DAMAGE AND SERIOUS DRUGS OFFENCES
Causing miscarriage by poison instrument,Offences against the Person Act 1861 s58,Life,OFFENCES INVOLVING SERIOUS VIOLENCE OR DAMAGE AND SERIOUS DRUGS OFFENCES
Making threats to kill,Offences against the Person Act 1861 s16,10 years,OFFENCES INVOLVING SERIOUS VIOLENCE OR DAMAGE AND SERIOUS DRUGS OFFENCES
Wounding or grievous bodily harm with intent to cause grievous bodily harm etc.,Offences against the Person Act 1861 s18,Life,OFFENCES INVOLVING SERIOUS VIOLENCE OR DAMAGE AND SERIOUS DRUGS OFFENCES
Endangering the safety of railway passengers,Offences against the Person Act 1861 ss32 33 34,Life,OFFENCES INVOLVING SERIOUS VIOLENCE OR DAMAGE AND SERIOUS DRUGS OFFENCES
Impeding persons endeavouring to escape wrecks,Offences against the Person Act 1861 s17,Life,OFFENCES INVOLVING SERIOUS VIOLENCE OR DAMAGE AND SERIOUS DRUGS OFFENCES
Administering chloroform laudanum etc.,Offences against the Person Act 1861 s22,Life,OFFENCES INVOLVING SERIOUS VIOLENCE OR DAMAGE AND SERIOUS DRUGS OFFENCES
Administering poison etc. so as to endanger life,Offences against the Person Act 1861 s23,10 years,OFFENCES INVOLVING SERIOUS VIOLENCE OR DAMAGE AND SERIOUS DRUGS OFFENCES
Cruelty to persons under 16,Children and Young Persons Act 1933 s1,10 years,OFFENCES INVOLVING SERIOUS VIOLENCE OR DAMAGE AND SERIOUS DRUGS OFFENCES
Aiding and abetting suicide,Suicide Act 1961 s2,14 years,OFFENCES INVOLVING SERIOUS VIOLENCE OR DAMAGE AND SERIOUS DRUGS OFFENCES
Prison mutiny,Prison Security Act 1992 s1,,OFFENCES INVOLVING SERIOUS VIOLENCE OR DAMAGE AND SERIOUS DRUGS OFFENCES
Assaulting prison officer whilst possessing firearm etc.,Criminal Justice Act 1991 s90,,OFFENCES INVOLVING SERIOUS VIOLENCE OR DAMAGE AND SERIOUS DRUGS OFFENCES
Producing or supplying a Class A or B drug,Misuse of Drugs Act 1971 s4,,OFFENCES INVOLVING SERIOUS VIOLENCE OR DAMAGE AND SERIOUS DRUGS OFFENCES
Possession of a Class A drug with intent to supply,Misuse of Drugs Act 1971 s5,Life,OFFENCES INVOLVING SERIOUS VIOLENCE OR DAMAGE AND SERIOUS DRUGS OFFENCES
Possession of a Class B or C drug with intent to supply,Misuse of Drugs Act 1971 s5,14 years,OFFENCES INVOLVING SERIOUS VIOLENCE OR DAMAGE AND SERIOUS DRUGS OFFENCES
Manufacture and supply of scheduled substances,Criminal Justice International Cooperation Act 1990 s12,,OFFENCES INVOLVING SERIOUS VIOLENCE OR DAMAGE AND SERIOUS DRUGS OFFENCES
Fraudulent evasion of controls on Class A and B drugs,Customs and Excise Management Act 1979 s1702b c,,OFFENCES INVOLVING SERIOUS VIOLENCE OR DAMAGE AND SERIOUS DRUGS OFFENCES
Illegal importation of Class A and B drugs,Customs and Excise Management Act 1979 s50,,OFFENCES INVOLVING SERIOUS VIOLENCE OR DAMAGE AND SERIOUS DRUGS OFFENCES
Offences in relation to proceeds of drug trafficking,Drug Trafficking Act 1994 ss49 50 and 51,,OFFENCES INVOLVING SERIOUS VIOLENCE OR DAMAGE AND SERIOUS DRUGS OFFENCES
Offences in relation to money laundering investigations,Drug Trafficking Act 1994 ss52 and 53,,OFFENCES INVOLVING SERIOUS VIOLENCE OR DAMAGE AND SERIOUS DRUGS OFFENCES
Practitioner contravening drug supply regulations,Misuse of Drugs Act 1971 ss12 and 13,,OFFENCES INVOLVING SERIOUS VIOLENCE OR DAMAGE AND SERIOUS DRUGS OFFENCES
Cultivation of cannabis plant,Misuse of Drugs Act 1971 s6,,OFFENCES INVOLVING SERIOUS VIOLENCE OR DAMAGE AND SERIOUS DRUGS OFFENCES
Occupier knowingly permitting drugs offences etc.,Misuse of Drugs Act 1971 s8,,OFFENCES INVOLVING SERIOUS VIOLENCE OR DAMAGE AND SERIOUS DRUGS OFFENCES
Activities relating to opium,Misuse of Drugs Act 1971 s9,,OFFENCES INVOLVING SERIOUS VIOLENCE OR DAMAGE AND SERIOUS DRUGS OFFENCES
Drug trafficking offences at sea,Criminal Justice International Cooperation Act 1990 s18,,OFFENCES INVOLVING SERIOUS VIOLENCE OR DAMAGE AND SERIOUS DRUGS OFFENCES
Firing on Revenue vessel,Customs and Excise Management Act 1979 s85,,OFFENCES INVOLVING SERIOUS VIOLENCE OR DAMAGE AND SERIOUS DRUGS OFFENCES
Making or possession of explosive in suspicious circumstances,Explosive Substances Act 1883 s41,,OFFENCES INVOLVING SERIOUS VIOLENCE OR DAMAGE AND SERIOUS DRUGS OFFENCES
Causing bodily injury by explosives,Offences against the Person Act 1861 s28,,OFFENCES INVOLVING SERIOUS VIOLENCE OR DAMAGE AND SERIOUS DRUGS OFFENCES
Using explosive or corrosives with intent to cause grievous bodily harm,Offences against the Person Act 1861 s29,,OFFENCES INVOLVING SERIOUS VIOLENCE OR DAMAGE AND SERIOUS DRUGS OFFENCES
Hostage taking,Taking of Hostages Act 1982 s1,,OFFENCES INVOLVING SERIOUS VIOLENCE OR DAMAGE AND SERIOUS DRUGS OFFENCES
Offences against international protection of nuclear material,Nuclear Material Offences Act 1983 s2,,OFFENCES INVOLVING SERIOUS VIOLENCE OR DAMAGE AND SERIOUS DRUGS OFFENCES
Placing explosives with intent to cause bodily injury,Offences against the Person Act 1861 s30,14 years,OFFENCES INVOLVING SERIOUS VIOLENCE OR DAMAGE AND SERIOUS DRUGS OFFENCES
Membership of proscribed organisations,Terrorism Act 2000 s11,,OFFENCES INVOLVING SERIOUS VIOLENCE OR DAMAGE AND SERIOUS DRUGS OFFENCES
Support or meeting of proscribed organisations,Terrorism Act 2000 s12,,OFFENCES INVOLVING SERIOUS VIOLENCE OR DAMAGE AND SERIOUS DRUGS OFFENCES
Uniform of proscribed organisations,Terrorism Act 2000 s13,,OFFENCES INVOLVING SERIOUS VIOLENCE OR DAMAGE AND SERIOUS DRUGS OFFENCES
Fundraising for terrorism,Terrorism Act 2000 s15,,OFFENCES INVOLVING SERIOUS VIOLENCE OR DAMAGE AND SERIOUS DRUGS OFFENCES
Other offences involving money or property to be used for terrorism,Terrorism Act 2000 ss1618,,OFFENCES INVOLVING SERIOUS VIOLENCE OR DAMAGE AND SERIOUS DRUGS OFFENCES
Disclosure prejudicing or interference of material relevant to investigation of terrorism,Terrorism Act 2000 s39,,OFFENCES INVOLVING SERIOUS VIOLENCE OR DAMAGE AND SERIOUS DRUGS OFFENCES
Weapons training,Terrorism Act 2000 s54,,OFFENCES INVOLVING SERIOUS VIOLENCE OR DAMAGE AND SERIOUS DRUGS OFFENCES
Directing terrorist organisation,Terrorism Act 2000 s56,,OFFENCES INVOLVING SERIOUS VIOLENCE OR DAMAGE AND SERIOUS DRUGS OFFENCES
Possession of articles for terrorist purposes,Terrorism Act 2000 s57,,OFFENCES INVOLVING SERIOUS VIOLENCE OR DAMAGE AND SERIOUS DRUGS OFFENCES
Unlawful collection of information for terrorist purposes,Terrorism Act 2000 s58,,OFFENCES INVOLVING SERIOUS VIOLENCE OR DAMAGE AND SERIOUS DRUGS OFFENCES
Incitement of terrorism overseas,Terrorism Act 2000 s59,,OFFENCES INVOLVING SERIOUS VIOLENCE OR DAMAGE AND SERIOUS DRUGS OFFENCES
Concealing criminal property,Proceeds of Crime Act 2002 s327,,OFFENCES INVOLVING SERIOUS VIOLENCE OR DAMAGE AND SERIOUS DRUGS OFFENCES
Involvement in arrangements facilitating the acquisition retention use or control of criminal property,Proceeds of Crime Act 2002 s328,,OFFENCES INVOLVING SERIOUS VIOLENCE OR DAMAGE AND SERIOUS DRUGS OFFENCES
Acquisition use or possession of criminal property,Proceeds of Crime Act 2002 s329,,OFFENCES INVOLVING SERIOUS VIOLENCE OR DAMAGE AND SERIOUS DRUGS OFFENCES
Failure to disclose knowledge or suspicion of money laundering: regulated sector,Proceeds of Crime Act 2002 s330,,OFFENCES INVOLVING SERIOUS VIOLENCE OR DAMAGE AND SERIOUS DRUGS OFFENCES
Failure to disclose knowledge or suspicion of money laundering: nominated officers in the regulated sector,Proceeds of Crime Act 2002 s331,,OFFENCES INVOLVING SERIOUS VIOLENCE OR DAMAGE AND SERIOUS DRUGS OFFENCES
Failure to disclose knowledge or suspicion of money laundering: other nominated officers,Proceeds of Crime Act 2002 s332,,OFFENCES INVOLVING SERIOUS VIOLENCE OR DAMAGE AND SERIOUS DRUGS OFFENCES
Tipping off,Proceeds of Crime Act 2002 s333,,OFFENCES INVOLVING SERIOUS VIOLENCE OR DAMAGE AND SERIOUS DRUGS OFFENCES
Disclosure under sections 330 331 332 or 333 of the Proceeds of Crime Act 2002 otherwise than in the form and manner prescribed,Proceeds of Crime Act 2002 s3391A,,OFFENCES INVOLVING SERIOUS VIOLENCE OR DAMAGE AND SERIOUS DRUGS OFFENCES
Causing or allowing the death of a child or vulnerable adult,Domestic Violence Crime and Victims Act 2004 s5,14 years,OFFENCES INVOLVING SERIOUS VIOLENCE OR DAMAGE AND SERIOUS DRUGS OFFENCES
Female circumcision,Prohibition of Female Circumcision Act 1985 s1,5 years,OFFENCES INVOLVING SERIOUS VIOLENCE OR DAMAGE AND SERIOUS DRUGS OFFENCES
Female genital mutilation,Female Geneital Mutilation Act 2003 s1,14 years,OFFENCES INVOLVING SERIOUS VIOLENCE OR DAMAGE AND SERIOUS DRUGS OFFENCES
Assisting a girl to mutilate her own genitalia,Female Geneital Mutilation Act 2003 s2,14 years,OFFENCES INVOLVING SERIOUS VIOLENCE OR DAMAGE AND SERIOUS DRUGS OFFENCES
Assisting a nonUK person to mutilate overseas a girl's genitalia,Female Geneital Mutilation Act 2003 s3,14 years,OFFENCES INVOLVING SERIOUS VIOLENCE OR DAMAGE AND SERIOUS DRUGS OFFENCES
Raciallyaggravated assault  ABH or GBH,Crime and Disorder Act 1998 s 291,7 years,LESSER OFFENCES INVOLVING VIOLENCE OR DAMAGE AND LESS SERIOUS DRUGS OFFENCES
Raciallyaggravated common assault,Crime and Disorder Act 1998 s 29,2 years,LESSER OFFENCES INVOLVING VIOLENCE OR DAMAGE AND LESS SERIOUS DRUGS OFFENCES
Raciallyaggravated criminal damage,Crime and Disorder Act 1998 s 301,2 years,LESSER OFFENCES INVOLVING VIOLENCE OR DAMAGE AND LESS SERIOUS DRUGS OFFENCES
Unlawful wounding,Offences against the Person Act 1861 s20,5 years,LESSER OFFENCES INVOLVING VIOLENCE OR DAMAGE AND LESS SERIOUS DRUGS OFFENCES
Assault occasioning actual bodily harm,Offences against the Person Act 1861 s47,5 years,LESSER OFFENCES INVOLVING VIOLENCE OR DAMAGE AND LESS SERIOUS DRUGS OFFENCES
Concealment of birth,Offences against the Person Act 1861 s60,2 years,LESSER OFFENCES INVOLVING VIOLENCE OR DAMAGE AND LESS SERIOUS DRUGS OFFENCES
Abandonment of children under two,Offences against the Person Act 1861 s27,5 years,LESSER OFFENCES INVOLVING VIOLENCE OR DAMAGE AND LESS SERIOUS DRUGS OFFENCES
Arson (other than aggravated arson) where value does not exceed 30000,Criminal Damage Act 1971 s13,,LESSER OFFENCES INVOLVING VIOLENCE OR DAMAGE AND LESS SERIOUS DRUGS OFFENCES
Criminal damage (other than aggravated criminal damage),Criminal Damage Act 1971 s11,,LESSER OFFENCES INVOLVING VIOLENCE OR DAMAGE AND LESS SERIOUS DRUGS OFFENCES
Possession of firearm without certificate,Firearms Act 1968 s1,10 years,LESSER OFFENCES INVOLVING VIOLENCE OR DAMAGE AND LESS SERIOUS DRUGS OFFENCES
Carrying loaded firearm in public place,Firearms Act 1968 s19,7 years,LESSER OFFENCES INVOLVING VIOLENCE OR DAMAGE AND LESS SERIOUS DRUGS OFFENCES
Trespassing with a firearm,Firearms Act 1968 s20,7 years,LESSER OFFENCES INVOLVING VIOLENCE OR DAMAGE AND LESS SERIOUS DRUGS OFFENCES
Shortening of shotgun or possession of shortened shotgun,Firearms Act 1968 s4,7 years,LESSER OFFENCES INVOLVING VIOLENCE OR DAMAGE AND LESS SERIOUS DRUGS OFFENCES
Shortening of smooth bore gun,Firearms Amendment Act 1988 s61,,LESSER OFFENCES INVOLVING VIOLENCE OR DAMAGE AND LESS SERIOUS DRUGS OFFENCES
Possession or acquisition of shotgun without certificate,Firearms Act 1968 s2,10 years,LESSER OFFENCES INVOLVING VIOLENCE OR DAMAGE AND LESS SERIOUS DRUGS OFFENCES
Possession of firearms by person convicted of crime,Firearms Act 1968 s214,,LESSER OFFENCES INVOLVING VIOLENCE OR DAMAGE AND LESS SERIOUS DRUGS OFFENCES
Acquisition by or supply of firearms to person denied them,Firearms Act 1968 s215,5 years,LESSER OFFENCES INVOLVING VIOLENCE OR DAMAGE AND LESS SERIOUS DRUGS OFFENCES
Dealing in firearms,Firearms Act 1968 s3,5 years,LESSER OFFENCES INVOLVING VIOLENCE OR DAMAGE AND LESS SERIOUS DRUGS OFFENCES
Failure to comply with certificate when transferring firearm,Firearms Act 1968 s42,,LESSER OFFENCES INVOLVING VIOLENCE OR DAMAGE AND LESS SERIOUS DRUGS OFFENCES
Permitting an escape,Common law,,LESSER OFFENCES INVOLVING VIOLENCE OR DAMAGE AND LESS SERIOUS DRUGS OFFENCES
Rescue,Common law,,LESSER OFFENCES INVOLVING VIOLENCE OR DAMAGE AND LESS SERIOUS DRUGS OFFENCES
Escaping from lawful custody without force,Common law,,LESSER OFFENCES INVOLVING VIOLENCE OR DAMAGE AND LESS SERIOUS DRUGS OFFENCES
Breach of prison,Common law,,LESSER OFFENCES INVOLVING VIOLENCE OR DAMAGE AND LESS SERIOUS DRUGS OFFENCES
Harbouring escaped prisoners,Criminal Justice Act 1961 s22,,LESSER OFFENCES INVOLVING VIOLENCE OR DAMAGE AND LESS SERIOUS DRUGS OFFENCES
Assisting prisoners to escape,Prison Act 1952 s39,,LESSER OFFENCES INVOLVING VIOLENCE OR DAMAGE AND LESS SERIOUS DRUGS OFFENCES
Fraudulent evasion of agricultural levy,Customs and Excise Management Act 1979 s68A1 and 2,,LESSER OFFENCES INVOLVING VIOLENCE OR DAMAGE AND LESS SERIOUS DRUGS OFFENCES
Offender armed or disguised,Customs and Excise Management Act 1979 s86,,LESSER OFFENCES INVOLVING VIOLENCE OR DAMAGE AND LESS SERIOUS DRUGS OFFENCES
Making threats to destroy or damage property,Criminal Damage Act 1971 s2,,LESSER OFFENCES INVOLVING VIOLENCE OR DAMAGE AND LESS SERIOUS DRUGS OFFENCES
Possessing anything with intent to destroy or damage property,Criminal Damage Act 1971 s3,,LESSER OFFENCES INVOLVING VIOLENCE OR DAMAGE AND LESS SERIOUS DRUGS OFFENCES
Child abduction by connected person,Child Abduction Act 1984 s1,,LESSER OFFENCES INVOLVING VIOLENCE OR DAMAGE AND LESS SERIOUS DRUGS OFFENCES
Child abduction by other person,Child Abduction Act 1984 s2,,LESSER OFFENCES INVOLVING VIOLENCE OR DAMAGE AND LESS SERIOUS DRUGS OFFENCES
Bomb hoax,Criminal Law Act 1977 s51,,LESSER OFFENCES INVOLVING VIOLENCE OR DAMAGE AND LESS SERIOUS DRUGS OFFENCES
Producing or supplying Class C drug,Misuse of Drugs Act 1971 s4,,LESSER OFFENCES INVOLVING VIOLENCE OR DAMAGE AND LESS SERIOUS DRUGS OFFENCES
Possession of a Class C drug with intent to supply,Misuse of Drugs Act 1971 s53,,LESSER OFFENCES INVOLVING VIOLENCE OR DAMAGE AND LESS SERIOUS DRUGS OFFENCES
Fraudulent evasion of controls on Class C drugs,Customs and Excise Management Act 1979 s1702b c,,LESSER OFFENCES INVOLVING VIOLENCE OR DAMAGE AND LESS SERIOUS DRUGS OFFENCES
Illegal importation of Class C drugs,Customs and Excise Management Act 1979 s50,,LESSER OFFENCES INVOLVING VIOLENCE OR DAMAGE AND LESS SERIOUS DRUGS OFFENCES
Possession of Class A drug,Misuse of Drugs Act 1971 s52,,LESSER OFFENCES INVOLVING VIOLENCE OR DAMAGE AND LESS SERIOUS DRUGS OFFENCES
Failure to disclose knowledge or suspicion of money laundering,Drug Trafficking Offences Act 1986 s26B,,LESSER OFFENCES INVOLVING VIOLENCE OR DAMAGE AND LESS SERIOUS DRUGS OFFENCES
Tippingoff in relation to money laundering investigations,Drug Trafficking Offences Act 1986 s26C,,LESSER OFFENCES INVOLVING VIOLENCE OR DAMAGE AND LESS SERIOUS DRUGS OFFENCES
Assaults on officers saving wrecks,Offences against the Person Act 1861 s37,7 years,LESSER OFFENCES INVOLVING VIOLENCE OR DAMAGE AND LESS SERIOUS DRUGS OFFENCES
Attempting to injure or alarm the Sovereign,Treason Act 1842 s2,,LESSER OFFENCES INVOLVING VIOLENCE OR DAMAGE AND LESS SERIOUS DRUGS OFFENCES
Assisting illegal entry or harbouring persons,Immigration Act 1971 s25,,LESSER OFFENCES INVOLVING VIOLENCE OR DAMAGE AND LESS SERIOUS DRUGS OFFENCES
Employment of adults subject to immigration control: penalty notice,Immigration Asylum and Nationality Act 2006 S152,10000,LESSER OFFENCES INVOLVING VIOLENCE OR DAMAGE AND LESS SERIOUS DRUGS OFFENCES
Administering poison with intent to injure etc.,Offences against the Person Act 1861 s24,,LESSER OFFENCES INVOLVING VIOLENCE OR DAMAGE AND LESS SERIOUS DRUGS OFFENCES
Neglecting to provide food for or assaulting servants etc.,Offences against the Person Act 1861 s26,,LESSER OFFENCES INVOLVING VIOLENCE OR DAMAGE AND LESS SERIOUS DRUGS OFFENCES
Setting spring guns with intent to inflict grievous bodily harm,Offences against the Person Act 1861 s31,5 years,LESSER OFFENCES INVOLVING VIOLENCE OR DAMAGE AND LESS SERIOUS DRUGS OFFENCES
Supplying instrument etc. to cause miscarriage,Offences against the Person Act 1861 s59,,LESSER OFFENCES INVOLVING VIOLENCE OR DAMAGE AND LESS SERIOUS DRUGS OFFENCES
Endeavouring to conceal a birth,Offences against the Person Act 1861 s60,2 years,LESSER OFFENCES INVOLVING VIOLENCE OR DAMAGE AND LESS SERIOUS DRUGS OFFENCES
Failure to disclose information about terrorism,Terrorism Act 2000 s19,5 years,LESSER OFFENCES INVOLVING VIOLENCE OR DAMAGE AND LESS SERIOUS DRUGS OFFENCES
Circumcision of females,Prohibition of Female Circumcision Act 1985 s1,,LESSER OFFENCES INVOLVING VIOLENCE OR DAMAGE AND LESS SERIOUS DRUGS OFFENCES
Breaking or injuring submarine telegraph cables,Submarine Telegraph Act 1885 s3,,LESSER OFFENCES INVOLVING VIOLENCE OR DAMAGE AND LESS SERIOUS DRUGS OFFENCES
Failing to keep dogs under proper control resulting in injury,Dangerous Dogs Act 1991 s3,,LESSER OFFENCES INVOLVING VIOLENCE OR DAMAGE AND LESS SERIOUS DRUGS OFFENCES
Making gunpowder etc. to commit offences,Offences against the Person Act 1861 s64,,LESSER OFFENCES INVOLVING VIOLENCE OR DAMAGE AND LESS SERIOUS DRUGS OFFENCES
Stirring up racial hatred,Public Order Act 1986 ss1823,,LESSER OFFENCES INVOLVING VIOLENCE OR DAMAGE AND LESS SERIOUS DRUGS OFFENCES
Administering drugs to obtain intercourse,Sexual Offences Act 1956 s4,2 years,SEXUAL OFFENCES AND OFFENCES AGAINST CHILDREN
Procurement of a woman by threats,Sexual Offences Act 1956 s2,2 years,SEXUAL OFFENCES AND OFFENCES AGAINST CHILDREN
Procurement of a woman by false pretences,Sexual Offences Act 1956 s3,2 years,SEXUAL OFFENCES AND OFFENCES AGAINST CHILDREN
Attempted sexual intercourse with girl under 13,Sexual Offences Act 1956 s5,7 years,SEXUAL OFFENCES AND OFFENCES AGAINST CHILDREN
Procurement of a defective,Sexual Offences Act 1956 s9,2 years,SEXUAL OFFENCES AND OFFENCES AGAINST CHILDREN
Intercourse with a defective,Sexual Offences Act 1956 s7,2 years,SEXUAL OFFENCES AND OFFENCES AGAINST CHILDREN
Incest by man with a girl under 13,Sexual Offences Act 1956 s10,7 years,SEXUAL OFFENCES AND OFFENCES AGAINST CHILDREN
Incest by woman with a girl under 13,Sexual Offences Act 1956 s11,7 years,SEXUAL OFFENCES AND OFFENCES AGAINST CHILDREN
Attempted incest by man with a girl over 13,Sexual Offences Act 1956 s10,2 years,SEXUAL OFFENCES AND OFFENCES AGAINST CHILDREN
Gross indecency between male of 21 or over and male under 16,Sexual Offences Act 1956 s13,,SEXUAL OFFENCES AND OFFENCES AGAINST CHILDREN
Indecent assault on a woman,Sexual Offences Act 1956 s14,10 years,SEXUAL OFFENCES AND OFFENCES AGAINST CHILDREN
Indecent assault on a man,Sexual Offences Act 1956 s15,10 years,SEXUAL OFFENCES AND OFFENCES AGAINST CHILDREN
Abuse of position of trust,Sexual Offences Amendment Act 2000 s3,,SEXUAL OFFENCES AND OFFENCES AGAINST CHILDREN
Man living on earnings of prostitution,Sexual Offences Act 1956 s30,7 years,SEXUAL OFFENCES AND OFFENCES AGAINST CHILDREN
Woman exercising control over prostitute,Sexual Offences Act 1956 s31,,SEXUAL OFFENCES AND OFFENCES AGAINST CHILDREN
Living on earnings of male prostitution,Sexual Offences Act 1967 s5,7 years,SEXUAL OFFENCES AND OFFENCES AGAINST CHILDREN
Inciting girl under 16 to have incestuous sexual intercourse,Criminal Law Act 1977 s54,2 years,SEXUAL OFFENCES AND OFFENCES AGAINST CHILDREN
Illtreatment of persons of unsound mind,Mental Health Act 1983 s127,,SEXUAL OFFENCES AND OFFENCES AGAINST CHILDREN
Abduction of unmarried girl under 18 from parent,Sexual Offences Act 1956 s19,2 years,SEXUAL OFFENCES AND OFFENCES AGAINST CHILDREN
Abduction of unmarried girl under 16 from parent,Sexual Offences Act 1956 s20,2 years,SEXUAL OFFENCES AND OFFENCES AGAINST CHILDREN
Abduction of defective from parent,Sexual Offences Act 1956 s21,2 years,SEXUAL OFFENCES AND OFFENCES AGAINST CHILDREN
Causing prostitution of women,Sexual Offences Act 1956 s22,2 years,SEXUAL OFFENCES AND OFFENCES AGAINST CHILDREN
Procuration of girl under 21,Sexual Offences Act 1956 s23,2 years,SEXUAL OFFENCES AND OFFENCES AGAINST CHILDREN
Detention of woman in brothel,Sexual Offences Act 1956 s24,2 years,SEXUAL OFFENCES AND OFFENCES AGAINST CHILDREN
Permitting girl under 16 to use premises for intercourse,Sexual Offences Act 1956 s26,2 years,SEXUAL OFFENCES AND OFFENCES AGAINST CHILDREN
Permitting defective to use premises for intercourse,Sexual Offences Act 1956 s27,2 years,SEXUAL OFFENCES AND OFFENCES AGAINST CHILDREN
Causing or encouraging prostitution of intercourse with or indecent assault on girl under 16,Sexual Offences Act 1956 s28,2 years,SEXUAL OFFENCES AND OFFENCES AGAINST CHILDREN
Causing or encouraging prostitution of defective,Sexual Offences Act 1956 s29,2 years,SEXUAL OFFENCES AND OFFENCES AGAINST CHILDREN
Soliciting by men,Sexual Offences Act 1956 s32,2 years,SEXUAL OFFENCES AND OFFENCES AGAINST CHILDREN
Keeping a brothel,Sexual Offences Act 1956 s33,6 months,SEXUAL OFFENCES AND OFFENCES AGAINST CHILDREN
Illtreatment of patients,Mental Health Act 1983 s127,2 years,SEXUAL OFFENCES AND OFFENCES AGAINST CHILDREN
Sexual intercourse with patients,Mental Health Act 1959 s128,2 years,SEXUAL OFFENCES AND OFFENCES AGAINST CHILDREN
Sexual assault,Sexual Offences Act 2003 s3,Life,SEXUAL OFFENCES AND OFFENCES AGAINST CHILDREN
Causing sexual activity without penetration,Sexual Offences Act 2003 s 4,Life,SEXUAL OFFENCES AND OFFENCES AGAINST CHILDREN
Paying for sexual services  penetration of a child aged 16 or 17,Sexual Offences Act 2003 s 47,7 years,SEXUAL OFFENCES AND OFFENCES AGAINST CHILDREN
Engaging in sexual activity in the presence of a child,Sexual Offences Act 2003 s 11,10 years,SEXUAL OFFENCES AND OFFENCES AGAINST CHILDREN
Causing a child to watch a sexual act,Sexual Offences Act 2003 s 12,10 years,SEXUAL OFFENCES AND OFFENCES AGAINST CHILDREN
Child sex offence committed by person under 18,Sexual Offences Act 2003 s 13,5 years,SEXUAL OFFENCES AND OFFENCES AGAINST CHILDREN
Meeting child following sexual grooming,Sexual Offences Act 2003 s 15,10 years,SEXUAL OFFENCES AND OFFENCES AGAINST CHILDREN
Abuse of trust: sexual activity with a child,Sexual Offences Act 2003 s 16,5 years,SEXUAL OFFENCES AND OFFENCES AGAINST CHILDREN
Abuse of position of trust: causing a child to engage in sexual activity,Sexual Offences Act 2003 s 17,5 years,SEXUAL OFFENCES AND OFFENCES AGAINST CHILDREN
Abuse of trust: sexual activity in the presence of a child,Sexual Offences Act 2003 s 18,5 years,SEXUAL OFFENCES AND OFFENCES AGAINST CHILDREN
Abuse of position of trust: causing a child to watch sexual activity,Sexual Offences Act 2003 s 19,5 years,SEXUAL OFFENCES AND OFFENCES AGAINST CHILDREN
Engaging in sexual activity in the presence of a person with a mental disorder,Sexual Offences Act 2003 s 32,7 years,SEXUAL OFFENCES AND OFFENCES AGAINST CHILDREN
Causing a person with a mental disorder to watch a sexual act,Sexual Offences Act 2003 s 33,7 years,SEXUAL OFFENCES AND OFFENCES AGAINST CHILDREN
Engaging in sexual activity in the presence of a person with a mental disorder,Sexual Offences Act 2003 s 36,7 years,SEXUAL OFFENCES AND OFFENCES AGAINST CHILDREN
Causing a person with a mental disorder to watch a sexual act,Sexual Offences Act 2003 s 37,7 years,SEXUAL OFFENCES AND OFFENCES AGAINST CHILDREN
Care workers: sexual activity in presence of a person with a mental disorder,Sexual Offences Act 2003 s 40,7 years,SEXUAL OFFENCES AND OFFENCES AGAINST CHILDREN
Care workers: causing a person with a mental disorder to watch a sexual act,Sexual Offences Act 2003 s 41,7 years,SEXUAL OFFENCES AND OFFENCES AGAINST CHILDREN
Causing or inciting prostitution for gain,Sexual Offences Act 2003 s 52,7 years,SEXUAL OFFENCES AND OFFENCES AGAINST CHILDREN
Controlling prostitution for gain,Sexual Offences Act 2003 s 53,7 years,SEXUAL OFFENCES AND OFFENCES AGAINST CHILDREN
Administering a substance with intent,Sexual Offences Act 2003 s 61,10 years,SEXUAL OFFENCES AND OFFENCES AGAINST CHILDREN
Committing offence with intent to commit sexual offence,Sexual Offences Act 2003 s 62,10 years,SEXUAL OFFENCES AND OFFENCES AGAINST CHILDREN
Trespass with intent to commit sexual offence,Sexual Offences Act 2003 s 63,10 years,SEXUAL OFFENCES AND OFFENCES AGAINST CHILDREN
Sex with adult relative: penetration,Sexual Offences Act 2003 s 64,2 years,SEXUAL OFFENCES AND OFFENCES AGAINST CHILDREN
Sex with adult relative: consenting to penetration,Sexual Offences Act 2003 s65,2 years,SEXUAL OFFENCES AND OFFENCES AGAINST CHILDREN
Exposure,Sexual Offences Act 2003 s 66,2 years,SEXUAL OFFENCES AND OFFENCES AGAINST CHILDREN
Voyeurism,Sexual Offences Act 2003 s 67,2 years,SEXUAL OFFENCES AND OFFENCES AGAINST CHILDREN
Intercourse with an animal,Sexual Offences Act 2003 s 69,2 years,SEXUAL OFFENCES AND OFFENCES AGAINST CHILDREN
Sexual penetration of a corpse,Sexual Offences Act 2003 s 70,2 years,SEXUAL OFFENCES AND OFFENCES AGAINST CHILDREN
Creulty to children,s1 Children and Young Persons Act 1933,10 years,SEXUAL OFFENCES AND OFFENCES AGAINST CHILDREN
Burglary (domestic),Theft Act 1968 s93a,14 years,BURGLARY ETC
Aggravated burglary,Theft Act 1968 s10,Life,BURGLARY ETC
Going equipped to steal,Theft Act 1968 s25,,BURGLARY ETC
Burglary with intent to inflict GBH on a person or do unlawful damage to a building or anything in it (dwelling),Theft Act 1968 s9,14 years,BURGLARY ETC
Burglary with intent to inflict GBH on a person or do unlawful damage to a building or anything in it (nondwelling),Theft Act 1968 s9,10 years,BURGLARY ETC
Burglary with intent to commit rape (dwelling),Theft Act 1968 s9,14 years,BURGLARY ETC
Burglary with intent to commit rape (nondwelling),Theft Act 1968 s9,10 years,BURGLARY ETC
Burglary (nondomestic),Theft Act 1968 s93b,10 years,BURGLARY ETC
Destruction of registers of births etc.,Forgery Act 1861 s36,,OTHER OFFENCES OF DISHONESTY
Making false entries in copies of registers sent to register,Forgery Act 1861 s37,,OTHER OFFENCES OF DISHONESTY
Possession (with intention) of false identity documents,Identity Cards Act 2006 s251,,OTHER OFFENCES OF DISHONESTY
Possession (with intention) of apparatus or material for making false identity documents,Identity Cards Act 2006 s253,,OTHER OFFENCES OF DISHONESTY
Possession (without reasonable excuse) of false identity documents or apparatus or material for making false identity documents,Identity Cards Act 2006 s255,,OTHER OFFENCES OF DISHONESTY
Undischarged bankrupt being concerned in a company,Insolvency Act 1986 s 360,,OTHER OFFENCES OF DISHONESTY
Counterfeiting notes and coins,Forgery and Counterfeiting Act 1981 s14,,OTHER OFFENCES OF DISHONESTY
Passing counterfeit notes and coins,Forgery and Counterfeiting Act 1981 s15,,OTHER OFFENCES OF DISHONESTY
Offences involving custody or control of counterfeit notes and coins,Forgery and Counterfeiting Act 1981 s16,,OTHER OFFENCES OF DISHONESTY
Making custody or control of counterfeiting materials etc.,Forgery and Counterfeiting Act 1981 s175,,OTHER OFFENCES OF DISHONESTY
Illegal importation: counterfeit notes or coins,Customs and Excise Management Act 1979 s50,,OTHER OFFENCES OF DISHONESTY
Fraudulent evasion: counterfeit notes or coins,Customs and Excise Management Act 1979 s1702b c,,OTHER OFFENCES OF DISHONESTY
VAT offences,Value Added Tax Act 1994 s 7218,,OTHER OFFENCES OF DISHONESTY
Fraudulent evasion of duty,Customs and Excise Management Act 1979 s 1701b,,OTHER OFFENCES OF DISHONESTY
Theft,Theft Act 1968 s1,,OTHER OFFENCES OF DISHONESTY
Removal of articles from places open to the public,Theft Act 1968 s11,,OTHER OFFENCES OF DISHONESTY
Abstraction of electricity,Theft Act 1968 s13,,OTHER OFFENCES OF DISHONESTY
Obtaining property by deception,Theft Act 1968 s15,,OTHER OFFENCES OF DISHONESTY
Obtaining pecuniary advantage by deception,Theft Act 1968 s16,,OTHER OFFENCES OF DISHONESTY
False accounting,Theft Act 1968 s17,,OTHER OFFENCES OF DISHONESTY
Handling stolen goods,Theft Act 1968 s22,,OTHER OFFENCES OF DISHONESTY
Obtaining services by deception,Theft Act 1978 s1,,OTHER OFFENCES OF DISHONESTY
Evasion of liability by deception,Theft Act 1978 s2,,OTHER OFFENCES OF DISHONESTY
Illegal importation: not elsewhere specified,Customs and Excise Management Act 1979 s50,,OTHER OFFENCES OF DISHONESTY
Counterfeiting Customs documents,Customs and Excise Management Act 1979 s168,,OTHER OFFENCES OF DISHONESTY
Fraudulent evasion: not elsewhere specified,Customs and Excise Management Act 1979 s1702b c,,OTHER OFFENCES OF DISHONESTY
Forgery,Forgery and Counterfeiting Act 1981 s1,,OTHER OFFENCES OF DISHONESTY
Copying false instrument with intent,Forgery and Counterfeiting Act 1981 s2,,OTHER OFFENCES OF DISHONESTY
Using a false instrument,Forgery and Counterfeiting Act 1981 s3,,OTHER OFFENCES OF DISHONESTY
Using a copy of a false instrument,Forgery and Counterfeiting Act 1981 s4,,OTHER OFFENCES OF DISHONESTY
Custody or control of false instruments etc.,Forgery and Counterfeiting Act 1981 s5,,OTHER OFFENCES OF DISHONESTY
Offences in relation to dies or stamps,Stamp Duties Management Act 1891 s13,,OTHER OFFENCES OF DISHONESTY
Counterfeiting of dies or marks,Hallmarking Act 1973 s6,,OTHER OFFENCES OF DISHONESTY
Fraud by false representation,Fraud Act 2006 s2,10 years,OTHER OFFENCES OF DISHONESTY
Fraud by failing to disclose information,Fraud Act 2006 s3,,OTHER OFFENCES OF DISHONESTY
Fraud by abuse of position,Fraud Act 2006 s4,,OTHER OFFENCES OF DISHONESTY
Possession etc of articles for use in frauds,Fraud Act 2006 s6,5 years,OTHER OFFENCES OF DISHONESTY
Making or supplying articles for use in frauds,Fraud Act 2006 s7,,OTHER OFFENCES OF DISHONESTY
Participating in fraudulent business carried on by sole trader etc.,Fraud Act 2006 s9,,OTHER OFFENCES OF DISHONESTY
Obtaining services dishonestly,Fraud Act 2006 s11,,OTHER OFFENCES OF DISHONESTY
Breach of antisocial behaviour order,Crime and Disorder Act 1998 s 110,,MISCELLANEOUS OTHER OFFENCES
Breach of community sentences  Increase the severity of the existing sentence or Revoke the existing sentence and proceed as though sentencing for the original offence.,Criminal Justice Act 2003,51 weeks custody (if custody was not available for the original offence),MISCELLANEOUS OTHER OFFENCES
Breach of sex offender order,Crime and Disorder Act 1998 s 28,,MISCELLANEOUS OTHER OFFENCES
Raciallyaggravated public order offence,Crime and Disorder Act 1998 s 311,2 years,MISCELLANEOUS OTHER OFFENCES
Racially aggravated harassment/putting another in fear of violence,Crime and Disorder Act 1998 s 321,,MISCELLANEOUS OTHER OFFENCES
Having an article with a blade or point in a public place,Criminal Justice Act 1988 s 139,4 years,MISCELLANEOUS OTHER OFFENCES
Breach of harassment injunction,Protection from Harassment Act 1997 s 36,,MISCELLANEOUS OTHER OFFENCES
Putting people in fear of violence,Protection from Harassment Act 1997 s 41,5 years,MISCELLANEOUS OTHER OFFENCES
Offences in relation to certain dangerous articles,Aviation Security Act 1982,5 years,MISCELLANEOUS OTHER OFFENCES
Breach of restraining order,Protection from Harassment Act 1997 s 55,,MISCELLANEOUS OTHER OFFENCES
Being drunk on an aircraft,Air Navigation Order 2005 article 75,,MISCELLANEOUS OTHER OFFENCES
Possession of offensive weapon,Prevention of Crime Act 1953 s1,,MISCELLANEOUS OTHER OFFENCES
Affray,Public Order Act 1986 s3,3 years,MISCELLANEOUS OTHER OFFENCES
Assault with intent to resist arrest,Offences against the Person Act 1861 s38,2 years,MISCELLANEOUS OTHER OFFENCES
Unlawful eviction and harassment of occupier,Protection from Eviction Act 1977 s1,,MISCELLANEOUS OTHER OFFENCES
Fraudulent evasion of the prohibition on importing indecent or obcene articles,Customs and Excise Management Act 1979 s170,7 years,MISCELLANEOUS OTHER OFFENCES
Obscene articles intended for publication for gain,Obscene Publications Act 1964 s1,,MISCELLANEOUS OTHER OFFENCES
Gross indecency between males (other than where one is 21 or over and the other is under 16),Sexual Offences Act 1956 s13,,MISCELLANEOUS OTHER OFFENCES
Solicitation for immoral purposes,Sexual Offences Act 1956 s32,,MISCELLANEOUS OTHER OFFENCES
Buggery of males of 16 or over otherwise than in private,Sexual Offences Act 1956 s12,,MISCELLANEOUS OTHER OFFENCES
Acts outraging public decency,Common law,,MISCELLANEOUS OTHER OFFENCES
Offences of publication of obscene matter,Obscene Publications Act 1959 s2,,MISCELLANEOUS OTHER OFFENCES
Keeping a disorderly house,"Common law, Disorderly Houses Act 1751 s8",,MISCELLANEOUS OTHER OFFENCES
Indecent display,Indecent Displays Control Act 1981 s1,,MISCELLANEOUS OTHER OFFENCES
Presentation of obscene performance,Theatres Act 1968 s2,,MISCELLANEOUS OTHER OFFENCES
Procurement of intercourse by threats etc.,Sexual Offences Act 1956 s2,,MISCELLANEOUS OTHER OFFENCES
Causing prostitution of women,Sexual Offences Act 1956 s22,,MISCELLANEOUS OTHER OFFENCES
Detention of woman in brothel or other premises,Sexual Offences Act 1956 s24,2 years,MISCELLANEOUS OTHER OFFENCES
Procurement of a woman by false pretences,Sexual Offences Act 1956 s3,,MISCELLANEOUS OTHER OFFENCES
Procuring others to commit homosexual acts,Sexual Offences Act 1967 s4,2 years,MISCELLANEOUS OTHER OFFENCES
Trade description offences (9 offences),Trade Descriptions Act 1968 ss1 8 9 12 13 14,,MISCELLANEOUS OTHER OFFENCES
Misconduct endangering ship or persons on board ship,Merchant Shipping Act 1970 s27,,MISCELLANEOUS OTHER OFFENCES
Obstructing engine or carriage on railway,Malicious Damage Act 1861 s36,,MISCELLANEOUS OTHER OFFENCES
Offences relating to the safe custody of controlled drugs,Misuse of Drugs Act 1971 s11,,MISCELLANEOUS OTHER OFFENCES
Possession of Class B or C drug,Misuse of Drugs Act 1971 s52,,MISCELLANEOUS OTHER OFFENCES
Wanton or furious driving,Offences against the Person Act 1861 s35,2 years,MISCELLANEOUS OTHER OFFENCES
Dangerous driving,Road Traffic Act 1988 s2,,MISCELLANEOUS OTHER OFFENCES
Forgery and misuse of driving documents,Public Passenger Vehicles Act 1981 s65,,MISCELLANEOUS OTHER OFFENCES
Forgery of driving documents,Road Traffic Act 1960 s233,,MISCELLANEOUS OTHER OFFENCES
Forgery etc. of licences and other documents,Road Traffic Act 1988 s173,,MISCELLANEOUS OTHER OFFENCES
Mishandling or falsifying parking documents etc.,Road Traffic Regulation Act 1984 s115,,MISCELLANEOUS OTHER OFFENCES
Aggravated vehicle taking,Theft Act 1968 s12A,14 years,MISCELLANEOUS OTHER OFFENCES
Failing to stop or failing to report,Road Traffic Act 1988,6 months imprisonment and/ or 5000 fine,MISCELLANEOUS OTHER OFFENCES
Failing to nominate a driver at the time of an alleged offence,Road Traffic Act 1988 S172 Amended 2007,6 points and a fine of 1000.,MISCELLANEOUS OTHER OFFENCES
Forgery alteration fraud of licences etc.,Vehicle Excise and Registration Act 1994 s44,,MISCELLANEOUS OTHER OFFENCES
Making off without payment,Theft Act 1978 s3,,MISCELLANEOUS OTHER OFFENCES
Agreeing to indemnify sureties,Bail Act 1976 s91,,MISCELLANEOUS OTHER OFFENCES
Sending prohibited articles by post,Post Office Act 1953 s11,,MISCELLANEOUS OTHER OFFENCES
Impersonating Customs officer,Customs and Excise Management Act 1979 s13,,MISCELLANEOUS OTHER OFFENCES
Obstructing Customs officer,Customs and Excise Management Act 1979 s16,,MISCELLANEOUS OTHER OFFENCES
Conspiring to commit offences outside the United Kingdom,Criminal Justice Terrorism and Conspiracy Act 1998 s 5,,OFFENCES AGAINST PUBLIC JUSTICE AND SIMILAR OFFENCES
Perverting the course of public justice,Common law,,OFFENCES AGAINST PUBLIC JUSTICE AND SIMILAR OFFENCES
Perjuries (7 offences),Perjury Act 1911 ss172,,OFFENCES AGAINST PUBLIC JUSTICE AND SIMILAR OFFENCES
Corrupt transactions with agents,Prevention of Corruption Act 1906 s1,,OFFENCES AGAINST PUBLIC JUSTICE AND SIMILAR OFFENCES
Corruption in public office,Public Bodies Corrupt Practices Act 1889 s1,,OFFENCES AGAINST PUBLIC JUSTICE AND SIMILAR OFFENCES
Embracery,Common law,,OFFENCES AGAINST PUBLIC JUSTICE AND SIMILAR OFFENCES
Fabrication of evidence with intent to mislead a tribunal,Common law,,OFFENCES AGAINST PUBLIC JUSTICE AND SIMILAR OFFENCES
Personation of jurors,Common law,,OFFENCES AGAINST PUBLIC JUSTICE AND SIMILAR OFFENCES
Concealing an arrestable offence,Criminal Law Act 1967 s5,,OFFENCES AGAINST PUBLIC JUSTICE AND SIMILAR OFFENCES
Assisting offenders,Criminal Law Act 1967 s41,,OFFENCES AGAINST PUBLIC JUSTICE AND SIMILAR OFFENCES
False evidence before European Court,European Communities Act 1972 s11,,OFFENCES AGAINST PUBLIC JUSTICE AND SIMILAR OFFENCES
Personating for purposes of bail etc.,Forgery Act 1861 s34,,OFFENCES AGAINST PUBLIC JUSTICE AND SIMILAR OFFENCES
Intimidating a witness juror etc.,Criminal Justice and Public Order Act 1994 s511,,OFFENCES AGAINST PUBLIC JUSTICE AND SIMILAR OFFENCES
Harming threatening to harm a witness juror etc.,Criminal Justice and Public Order Act 1994 s512,,OFFENCES AGAINST PUBLIC JUSTICE AND SIMILAR OFFENCES
Prejudicing a drug trafficking investigation,Drug Trafficking Act 1994 s581,,OFFENCES AGAINST PUBLIC JUSTICE AND SIMILAR OFFENCES
Giving false statements to procure cremation,Cremation Act 1902 s82,,OFFENCES AGAINST PUBLIC JUSTICE AND SIMILAR OFFENCES
False statement tendered under section 9 of the Criminal Justice Act 1967,Criminal Justice Act 1967 s89,,OFFENCES AGAINST PUBLIC JUSTICE AND SIMILAR OFFENCES
Making a false statement to obtain interim possession order,Criminal Justice and Public Order Act 1994 s751,,OFFENCES AGAINST PUBLIC JUSTICE AND SIMILAR OFFENCES
Making false statement to resist making of interim possession order,Criminal Justice and Public Order Act 1994 s752,,OFFENCES AGAINST PUBLIC JUSTICE AND SIMILAR OFFENCES
False statement tendered under section 5B of the Magistrates' Courts Act 1980,Magistrates' Courts Act 1980 s106,,OFFENCES AGAINST PUBLIC JUSTICE AND SIMILAR OFFENCES
Making false statement to authorised officer,Trade Descriptions Act 1968 s292,,OFFENCES AGAINST PUBLIC JUSTICE AND SIMILAR OFFENCES
Rape,Sexual Offences Act 1956 s11,Life,SERIOUS SEXUAL OFFENCES
Sexual intercourse with girl under 13,Sexual Offences Act 1956 s5,Life,SERIOUS SEXUAL OFFENCES
Attempted sexual intercourse with girl under 13,Sexual Offences Act 1956 s5,7 years,SERIOUS SEXUAL OFFENCES
Sexual intercourse with defective,Sexual Offences Act 1956 s7,Life,SERIOUS SEXUAL OFFENCES
Incest by man with a girl under 13,Sexual Offences Act 1956 s 10,Life,SERIOUS SEXUAL OFFENCES
Buggery of person under 16,Sexual Offences Act 1956 s12,,SERIOUS SEXUAL OFFENCES
Indecency with children under 14,Indecency with Children Act 1960 s11,10 years,SERIOUS SEXUAL OFFENCES
Taking having etc. indecent photographs of children,Protection of Children Act 1978 s1,10 years,SERIOUS SEXUAL OFFENCES
Possession of indecent photograph of a child,Criminal Justice Act 1988 s160,5 years,SERIOUS SEXUAL OFFENCES
Assault with intent to commit buggery,Sexual Offences Act 1956 s16,10 years,SERIOUS SEXUAL OFFENCES
Abduction of woman by force,Sexual Offences Act 1956 s17,14 years,SERIOUS SEXUAL OFFENCES
Permitting girl under 13 to use premises for sexual intercourse,Sexual Offences Act 1956 s25,Life,SERIOUS SEXUAL OFFENCES
Allowing or procuring child under 16 to go abroad to perform,Children and Young Persons Act 1933 ss25 26,,SERIOUS SEXUAL OFFENCES
Abduction of unmarried girl under 16 from parent,Sexual Offences Act 1956 s20,Life,SERIOUS SEXUAL OFFENCES
Permitting girl under 16 to use premises for intercourse,Sexual Offences Act 1956 s26,Life,SERIOUS SEXUAL OFFENCES
Causing or encouraging prostitution of girl under 16,Sexual Offences Act 1956 s28,Life,SERIOUS SEXUAL OFFENCES
Rape,Sexual Offences Act 2003 s 1,Life,SERIOUS SEXUAL OFFENCES
Assault by penetration,Sexual Offences Act 2003 s 2,Life,SERIOUS SEXUAL OFFENCES
Sexual assault,Sexual Offences Act 2003 s 3,10 years,SERIOUS SEXUAL OFFENCES
Causing a person to engage in sexual activity without consent,Sexual Offences Act 2003 s 4,10 years,SERIOUS SEXUAL OFFENCES
Rape of child under 13,Sexual Offences Act 2003 s 5,Life,SERIOUS SEXUAL OFFENCES
Assault of child under 13 by penetration,Sexual Offences Act 2003 s 6,Life,SERIOUS SEXUAL OFFENCES
Sexual assault of child under 13,Sexual Offences Act 2003 s 7,14 years,SERIOUS SEXUAL OFFENCES
Causing a child under 13 to engage in sexual activity,Sexual Offences Act 2003 s 8,14 years,SERIOUS SEXUAL OFFENCES
Sexual activity with a child,Sexual Offences Act 2003 s 9,14 years,SERIOUS SEXUAL OFFENCES
Causing a child to engage in sexual activity,Sexual Offences Act 2003 s 10,14 years,SERIOUS SEXUAL OFFENCES
Arranging or facilitating commission of a child sex offence,Sexual Offences Act 2003 s 14,14 years,SERIOUS SEXUAL OFFENCES
Sexual activity with a child family member with penetration (Offender over 18),Sexual Offences Act 2003 s 25,14 years,SERIOUS SEXUAL OFFENCES
Sexual activity with a child family member with penetration (Offender under 18),Sexual Offences Act 2003 s 25,5 years,SERIOUS SEXUAL OFFENCES
Inciting a child family member to engage in sexual activity (Offender over 18),Sexual Offences Act 2003 s 26,14 years,SERIOUS SEXUAL OFFENCES
Inciting a child family member to engage in sexual activity (Offender under 18),Sexual Offences Act 2003 s 26,5 years,SERIOUS SEXUAL OFFENCES
Sexual activity with a person with a mental disorder,Sexual Offences Act 2003 s 30,14 years,SERIOUS SEXUAL OFFENCES
Causing or inciting a person with a mental disorder to engage in sexual activity,Sexual Offences Act 2003 s 31,14 years,SERIOUS SEXUAL OFFENCES
Engaging in sexual activity in the presence of a person with a mental disorder impeding choice,Sexual Offences Act 2003 s 32,10 years,SERIOUS SEXUAL OFFENCES
Causing a person with a mental disorder impeding choice to watch a sexual act,Sexual Offences Act 2003 s 33,10 years,SERIOUS SEXUAL OFFENCES
Inducement threat or deception to procure sexual activity with a person with a mental disorder,Sexual Offences Act 2003 s 34,14 years,SERIOUS SEXUAL OFFENCES
Inducing person with mental disorder to engage in sexual activity,Sexual Offences Act 2003 s 35,14 years,SERIOUS SEXUAL OFFENCES
Engaging in sexual activity in the presence procured by inducement threat or deception of a person with a mental disorder,Sexual Offences Act 2003 s 36,10 years,SERIOUS SEXUAL OFFENCES
Causing a person with a mental disorder to watch a sexual act by inducement threat or deception,Sexual Offences Act 2003 s 37,10 years,SERIOUS SEXUAL OFFENCES
Care workers: sexual activity with a person with a mental disorder,Sexual Offences Act 2003 s 38,10 years,SERIOUS SEXUAL OFFENCES
Care workers: inciting person with mental disorder to engage in sexual act,Sexual Offences Act 2003 s 39,10 years,SERIOUS SEXUAL OFFENCES
Paying for sexual services  penetration  of a child under 13,Sexual Offences Act 2003 s 47,Life,SERIOUS SEXUAL OFFENCES
Paying for sexual services  penetration  of a child under 16,Sexual Offences Act 2003 s 47,14 years,SERIOUS SEXUAL OFFENCES
Causing or inciting child prostitution or pornography,Sexual Offences Act 2003 s 48,14 years,SERIOUS SEXUAL OFFENCES
Controlling a child prostitute,Sexual Offences Act 2003 s 49,14 years,SERIOUS SEXUAL OFFENCES
Facilitating child prostitution,Sexual Offences Act 2003 s 50,14 years,SERIOUS SEXUAL OFFENCES
Trafficking into UK for sexual exploitation,Sexual Offences Act 2003 s 57,14 years,SERIOUS SEXUAL OFFENCES
Trafficking within UK for sexual exploitation,Sexual Offences Act 2003 s 58,14 years,SERIOUS SEXUAL OFFENCES
Trafficking out of UK for sexual exploitation,Sexual Offences Act 2003 s 59,14 years,SERIOUS SEXUAL OFFENCES
